"","ID","type","pred_class","real_class","Alcelaphini","Antilopini","Bovini","Hippotragini","Neotragini","Reduncini","Tragelaphini"
"27","GV6941","LM1","Alcelaphini",NA,0.338802281682999,0.0619352075384848,0.0306381856777855,0.166527404501557,0.104361979692263,0.157434987559063,0.140299953347847
"31","GV7075","LM1","Neotragini",NA,0.297898351349929,0.0178671369125084,0.00396832713656921,0.0219804567441463,0.38970027960825,0.0200096410310217,0.248575807217576
"38","GV7540","LM1","Tragelaphini",NA,0.070182935040761,0.037736658406373,0.0126882362088737,0.138834793988113,0.145390266875634,0.279382342095977,0.315784767384268
"56","GV8292","LM1","Tragelaphini",NA,0.0403879557932442,0.157949395642707,0.0187002044129441,0.211491926489445,0.088391516390217,0.0626951025397461,0.420383898731696
"66","GV8563","LM1","Tragelaphini",NA,0.153613125153339,0.0306958294212428,0.00538721231360209,0.118803505857434,0.0315616175981192,0.105503230032213,0.554435479624049
