"","teeth_ref_gladysvale","type","pred_class","real_class","buselaphus","gnou","taurinus","dorcas","marsupialis","caffer","equinus","niger","gazella","oreotragus","ourebi","capreolus","campestris","ellipsiprymnus","leche","arundinum","fulvorufulva","oryx","scriptus","strepsiceros"
"27","GV6941","LM1","gazella",NA,0.0528384190242017,0.0214099624865132,0.113789857904724,0.0183454679839208,0.00448762161929311,0.0431926652336659,0.0461862561985118,0.0160488248373916,0.633623262333355,0.00172718929948215,0.00336700467521401,0.00136817690417878,0.000638935307924377,0.0161851137554271,0.00648566583267741,0.00308078387372745,0.00138000416413666,0.00525830025164905,0.00588278647025244,0.00470370184375422
"31","GV7075","LM1","gnou",NA,0.279129808829634,0.290302089715818,0.120541171352031,0.0115983174039924,0.00594511524266683,0.00106762324281485,0.00504271692026036,0.0108624185338716,0.0422727336590458,0.00198748040754244,0.0148017348140497,0.00375442810861879,0.000978511655970081,0.0119716369636718,0.0119381428070366,0.00325497998369758,0.00073897886183046,0.006862153957014,0.0144332957545391,0.162516661785895
"38","GV7540","LM1","oryx",NA,0.0376219230972128,0.074166209073698,0.205538214382594,0.0141890233629442,0.00355074390109114,0.00682952874998988,0.00604384578351261,0.0115296205974326,0.0836622413541968,0.0082064667381833,0.019079358884194,0.0072153386003183,0.00297351660207753,0.0770493776304217,0.00241437398818174,0.00245469231357979,0.00159022674265942,0.277933942675618,0.0358051247855632,0.122146230736531
"56","GV8292","LM1","gazella",NA,0.129811100595926,0.045647189834487,0.241193872949828,0.0476565499522015,0.0083617564988349,0.0540472311800214,0.0184060565069794,0.00936791275236802,0.299726065590871,0.00432936912603104,0.00844500208777881,0.00343194098795297,0.00160100287802857,0.0516700167239832,0.0160202425175744,0.00880133332619299,0.00524509156654721,0.016658005829503,0.0182617661432061,0.0113184929516856
"66","GV8563","LM1","taurinus",NA,0.0239192086574923,0.0965620448527141,0.407836842249512,0.00683265326010113,0.00237350805144937,0.00162770954811726,0.0016001281901214,0.00958538119860852,0.004952520701093,0.00326660091296006,0.00946597782317834,0.00303533781866888,0.00118668620207869,0.38845865245379,0.0107561535213696,0.0117260790909892,0.00403245136704476,0.00914935115506597,0.00192287954522754,0.0017098334004178
