"","teeth_ref_gladysvale","type","pred_class","real_class","Alcelaphini","Antilopini","Bovini","Hippotragini","Neotragini","Reduncini","Tragelaphini"
"27","GV6941","LM1","Neotragini",NA,0.185617215292758,0.0519519525465385,0.0295904738590469,0.0631450642846903,0.246014651216451,0.187870577110212,0.235810065690304
"31","GV7075","LM1","Alcelaphini",NA,0.607323013541871,0.0136043565853906,0.00504638399425168,0.0134940922722781,0.309798588370129,0.013753597032326,0.0369799682037532
"38","GV7540","LM1","Neotragini",NA,0.0615189167394125,0.0753264319436048,0.00417653531995662,0.0111457408803512,0.651881545902695,0.0475721654295244,0.148378663784455
"56","GV8292","LM1","Tragelaphini",NA,0.0394050721511918,0.0611896417728965,0.0192043847716522,0.0530170171131573,0.06897177928641,0.0184765510357791,0.739735553868913
"66","GV8563","LM1","Tragelaphini",NA,0.127722258231588,0.021348414456414,0.00727502551202783,0.0962915075889038,0.140531072815046,0.130952174486849,0.475879546909172
