"","teeth_ref_gladysvale","type","pred_class","real_class","Alcelaphini","Antilopini","Bovini","Hippotragini","Neotragini","Reduncini","Tragelaphini"
"27","GV6941","LM1","Hippotragini",NA,0.20638370739936,0.00448762161929311,0.0431926652336659,0.695858343369258,0.00710130618679931,0.0271315676259686,0.0158447885656557
"31","GV7075","LM1","Alcelaphini",NA,0.785860203237406,0.00617735770263831,0.00112224819043642,0.0622935524597963,0.024358458412763,0.0235202599142707,0.0966679200826893
"38","GV7540","LM1","Tragelaphini",NA,0.331515369916449,0.00355074390109114,0.00682952874998988,0.101235707735142,0.0374746808247731,0.0835086706748426,0.435885298197712
"56","GV8292","LM1","Alcelaphini",NA,0.464308713332442,0.0083617564988349,0.0540472311800214,0.327500034850219,0.0178073150797914,0.0817366841342977,0.0462382649243947
"66","GV8563","LM1","Alcelaphini",NA,0.53515074901982,0.00237350805144937,0.00162770954811726,0.0161380300898229,0.016954602756886,0.414973336433193,0.0127820641007113
