"","teeth_ref_gladysvale","type","pred_class","real_class","buselaphus","gnou","taurinus","dorcas","marsupialis","caffer","equinus","niger","gazella","oreotragus","ourebi","capreolus","campestris","ellipsiprymnus","leche","arundinum","fulvorufulva","oryx","scriptus","strepsiceros"
"27","GV6941","LM1","scriptus",NA,0.0595121162665894,0.0158891557543615,0.0427688925251821,0.0674470507466245,0.0519519525465385,0.0295904738590469,0.0162199414937758,0.016584254661517,0.0303408681293974,0.144173292786219,0.0275439966912964,0.0416939000932981,0.0326034616456368,0.00395549880292899,0.0163281162939716,0.0416013494565639,0.125985612556747,0.0135261910365967,0.218979046509069,0.00330482814463771
"31","GV7075","LM1","gnou",NA,0.0146587423097597,0.532664774845297,0.0267207170333093,0.033278779353505,0.0136043565853906,0.00504638399425168,0.00316959633579833,0.00364126403211586,0.00668323190436391,0.104319489930296,0.106398413811302,0.0261166789068098,0.0729640057217214,0.001945024068833,0.0010671490767059,0.00398825818985896,0.00675316569692815,0.000461152457002098,0.0363873197427197,0.000131496004031401
"38","GV7540","LM1","oreotragus",NA,0.015521051761124,0.0072807017005064,0.0118459266335073,0.0268712366442748,0.0753264319436048,0.00417653531995662,0.00286462669220657,0.00308932320058364,0.00519179098756101,0.426651355322903,0.0249218001784563,0.109675871085113,0.0906325193162228,0.00177835200311543,0.00505566405433196,0.0108361034796107,0.0299020458924662,0.00798923153016118,0.138253319335208,0.0021361129190855
"56","GV8292","LM1","scriptus",NA,0.00515587214441825,0.0130369285724082,0.011942086670816,0.00927018476354934,0.0611896417728965,0.0192043847716522,0.00711672946160735,0.00691632290155992,0.03898396474999,0.0305018813034586,0.0179791001666915,0.00927905629643383,0.011211741519826,0.00137056546041137,0.00177798765254096,0.00391108412315619,0.0114169137996706,0.105464328465045,0.605249762045206,0.0290214633586616
"66","GV8563","LM1","strepsiceros",NA,0.0561812903143078,0.034643217605562,0.0143451656480087,0.0225525846637095,0.021348414456414,0.00727502551202783,0.0180110332601019,0.0264774098530089,0.051803064475793,0.0126804019577189,0.0732472277212694,0.0365038632451709,0.0180995798908866,0.0110201024392933,0.0189536498973845,0.0910337692826037,0.00994465286756696,0.18487960224304,0.0311841660881281,0.259815778578005
