"","ID","type","pred_class","real_class","buselaphus","gnou","taurinus","dorcas","marsupialis","caffer","equinus","niger","gazella","oreotragus","ourebi","capreolus","campestris","ellipsiprymnus","leche","arundinum","fulvorufulva","oryx","scriptus","strepsiceros"
"27","GV6941","LM1","scriptus",NA,0.0983590491402954,0.0937646535856435,0.0846524080761051,0.0620261708809553,0.0619352075384848,0.0306381856777855,0.0383318682926813,0.0525646092161235,0.0756309269927518,0.0301852255667128,0.00959214006983699,0.02005464022032,0.0445299738353936,0.0316057615228611,0.0252461137039929,0.0286646925085449,0.071918419823664,0.0121453162799974,0.114063524704607,0.0140911123632427
"31","GV7075","LM1","scriptus",NA,0.0407323957230647,0.180070338267768,0.0415974715957337,0.0354981457633624,0.0178671369125084,0.00396832713656921,0.00567727687302369,0.00608524896140631,0.0102179309097163,0.0736732145675442,0.145139637130122,0.0675508252772888,0.103336602633295,0.00411468642905288,0.00289435848860127,0.00365818525110727,0.00934241086226028,0.0205975744946072,0.193551693675886,0.0344265390470827
"38","GV7540","LM1","scriptus",NA,0.024929262202882,0.0104989794281404,0.0202256422384979,0.0145290511712406,0.037736658406373,0.0126882362088737,0.0282021268217501,0.0567778714944876,0.0538547956718756,0.0566554554248403,0.0211812263559686,0.0333707458036122,0.0341828392912133,0.0222347603912175,0.0543271837663054,0.0854095384838938,0.11741085945456,0.0126273853289345,0.291059082041856,0.0120983000134772
"56","GV8292","LM1","scriptus",NA,0.00613583141462949,0.0210843846579712,0.00556411822650248,0.00760362149414099,0.157949395642707,0.0187002044129441,0.00858606063774782,0.013559697333734,0.189346168517963,0.0202162339981187,0.0231662964120972,0.0158751112882362,0.0291338746917649,0.00912678701194508,0.00364950249655134,0.0166409241834039,0.0332778888478459,0.178556129338539,0.193070839239722,0.048756930153435
"66","GV8563","LM1","strepsiceros",NA,0.0266020660034615,0.0940683428366378,0.0124074644733477,0.0205352518398921,0.0306958294212428,0.00538721231360209,0.0347345177306772,0.029062048976749,0.0550069391500078,0.00389842581449704,0.011841462858255,0.00730873801283636,0.00851299091253086,0.0196451519459533,0.00824316602835194,0.0621721428896344,0.0154427691682738,0.223802709600782,0.0614713545035147,0.269161415519752
