"","ID","type","pred_class","real_class","buselaphus","gnou","taurinus","dorcas","marsupialis","caffer","equinus","niger","gazella","oreotragus","ourebi","capreolus","campestris","ellipsiprymnus","leche","arundinum","fulvorufulva","oryx","scriptus","strepsiceros"
"27","GV6941","LM1","gazella",NA,0.098648627326044,0.0590840309890854,0.239039674957048,0.0368848115414665,0.00449785655137461,0.0264224919577304,0.0135279649072268,0.0232423047032153,0.264492659602792,0.00351645611224259,0.00330671145631284,0.00466597077872355,0.000859607730233326,0.107863495315673,0.0122839206015992,0.00910197624221044,0.00508798655904242,0.0502632976036214,0.022886841694855,0.0143233133695031
"31","GV7075","LM1","gnou",NA,0.206203432331067,0.487234950995103,0.2300807839269,0.0438651483584083,0.000675789900010011,0.000486279431963464,9.83761578346824e-05,0.000264047461476777,0.00870018588798315,0.00143636895140601,0.00182090649799739,0.00217250282199346,0.000348781168130252,0.0025542568242459,0.000388443758020887,0.000294668467469074,0.000162646060367089,0.00310883261210556,0.00258982455786228,0.00751377382965603
"38","GV7540","LM1","gazella",NA,0.109322407545232,0.0649319783333318,0.159321064362742,0.0254566840653498,0.0029650164870952,0.00920139499903678,0.00634717101717381,0.0098527319361787,0.180236476030104,0.0119674165577604,0.0115268261478725,0.0156340985009387,0.00283913880047787,0.0287074003128118,0.00236001030857953,0.00236737867997383,0.00102542942055801,0.166635692291043,0.0470202746912365,0.142281409512504
"56","GV8292","LM1","taurinus",NA,0.117589635600143,0.0376283180890196,0.203872025597006,0.0453312310626626,0.0100174340158276,0.0814498385546923,0.0132936504661544,0.0320118720763816,0.168698296569179,0.00645477842598995,0.00608173825401646,0.00862966400170258,0.00158135809489197,0.0942139390802185,0.0105765980819794,0.0106038023957645,0.00680919165348246,0.0899245522093656,0.0374902724516312,0.0177418033198906
"66","GV8563","LM1","taurinus",NA,0.046051548917761,0.225547525149421,0.658547126900029,0.0184816663308689,0.000779990132100289,0.00116222965925057,0.000578410205490487,0.0014573808637423,0.00739296952431596,0.000523515542317683,0.000537880211806302,0.000721558250851877,0.000127788049631055,0.031719500740628,0.000532727988362623,0.00102391116672208,0.000478389587417829,0.00234866355693403,0.000669017034161453,0.0013182001881879
