"","ID","type","pred_class","real_class","Alcelaphini","Antilopini","Bovini","Hippotragini","Neotragini","Reduncini","Tragelaphini"
"4","GV4825","LM2","Alcelaphini",NA,0.967640048713738,0.00150271067292201,0.000973171012218691,0.0158537797666194,0.00857264500679881,0.0022197933434979,0.00323785148420409
"11","GV5264","LM2","Alcelaphini",NA,0.976462337787425,0.00178421568929535,0.000933779575758692,0.00637996769832218,0.0104184677546943,0.00112276295854065,0.00289846853596353
"45","GV7854","LM2","Alcelaphini",NA,0.990347891372989,0.000871971897540085,0.0008413117165688,0.0031361543596133,0.00268234979790031,0.00133885448937553,0.000781466366012666
"70","GV8911","LM2","Alcelaphini",NA,0.487353362668935,0.0196510079387662,0.00865475110635511,0.133624554248906,0.119603533971315,0.192516397393617,0.0385963926721061
