"","teeth_ref_gladysvale","type","pred_class","real_class","buselaphus","gnou","taurinus","dorcas","marsupialis","caffer","equinus","niger","gazella","oreotragus","ourebi","capreolus","campestris","ellipsiprymnus","leche","arundinum","fulvorufulva","oryx","scriptus","strepsiceros"
"4","GV4825","LM2","gnou",NA,0.0828438979104549,0.844795043444502,0.0311552719551048,0.0291131457134051,0.00064445942886887,0.000393005734492664,0.000627103083831959,0.00228121994710636,0.00177695768300224,0.000772423944544455,0.001915439338421,0.000434704192108082,0.000101744261312965,0.00202836035649712,0.000378575880926238,0.000162153443544906,8.81406023819631e-05,0.000116624852365147,7.37372626573239e-05,0.000297990964471344
"11","GV5264","LM2","gnou",NA,0.0178648469007889,0.939344119624294,0.0234176984143003,0.00852080943394926,0.000885377156381801,0.000342986906113962,0.000680045972773515,0.00289074076817295,0.00186665803909989,0.000514135455977772,0.00159989331920778,0.000403979659802177,7.25098016218405e-05,0.000446640576657559,0.000130594315252694,2.9666915375731e-05,1.35011009942334e-05,8.89017859770579e-05,0.000138392312561244,0.000748501540697384
"45","GV7854","LM2","buselaphus",NA,0.452382817418637,0.431471508056324,0.0461682565954319,0.0105797097873795,0.00136857296242892,0.00110809033989916,0.00739731936178474,0.0273543361406615,0.0169204711017773,0.000473366227957073,0.00105701667667566,0.000261206732221676,6.24795236958458e-05,0.00146941932083026,0.000474572332673893,0.000154048477856418,8.15839941780995e-05,0.000333592155365843,0.000192320450483989,0.000689312343736859
"70","GV8911","LM2","buselaphus",NA,0.550216351460634,0.0896705859298631,0.157782565697171,0.0626697933401629,0.0153025351609359,0.00416122543236977,0.00754444264600978,0.01905509271431,0.00831308264553604,0.00315549619214037,0.00474624934226482,0.0012323317894386,0.000372640274120191,0.0184991543161411,0.0217568807374033,0.0102576630854281,0.0218615201177829,0.000987195580259885,0.00097405486412526,0.00144113867390275
