"","ID","type","pred_class","real_class","buselaphus","gnou","taurinus","dorcas","marsupialis","caffer","equinus","niger","gazella","oreotragus","ourebi","capreolus","campestris","ellipsiprymnus","leche","arundinum","fulvorufulva","oryx","scriptus","strepsiceros"
"4","GV4825","LM2","buselaphus",NA,0.444938318223131,0.318960504066964,0.0944048700616282,0.109336356362014,0.00150271067292201,0.000973171012218691,0.000406965267754667,0.00194141655251414,0.0135053979463506,0.00230764114571827,0.00418232378191349,0.00167463593169709,0.000408044147469957,0.00101947897208621,0.000408750687877226,0.000568762786617993,0.000222800896916469,0.00039118767493575,0.000579392544986402,0.00226727126428194
"11","GV5264","LM2","gnou",NA,0.118635540714511,0.773575793708761,0.0700141069817887,0.0142368963823647,0.00178421568929535,0.000933779575758692,0.000115323275206512,0.000437587728669773,0.00582705669444589,0.00274963500944398,0.0052929322747944,0.00190499511422863,0.000470905356227317,0.00062697258876762,0.000146109559418149,0.000270235749480136,7.94450608747421e-05,0.000268558203702768,0.000451344547221247,0.00217856578503952
"45","GV7854","LM2","gnou",NA,0.201185472529431,0.620957394876914,0.137176444013289,0.0310285799533547,0.000871971897540085,0.0008413117165688,8.13353291813108e-05,0.00025107133148556,0.00280374769894643,0.000852314705249248,0.00119512601453448,0.00048665850305624,0.000148250575060341,0.000909026195678704,0.000172563257099024,0.000161288231474834,9.59768051229677e-05,0.000119343887080366,0.000132045822545486,0.000530076656386814
"70","GV8911","LM2","buselaphus",NA,0.365602448429529,0.0255471887713129,0.0493738887684073,0.0468298366996857,0.0196510079387662,0.00865475110635511,0.0171537896157425,0.0713731591099631,0.0450976055232005,0.0347030828416374,0.050017869614123,0.0288526512915165,0.0060299302240378,0.0394225427849719,0.0791162550543514,0.0392227634588973,0.0347548360953964,0.0070051041947278,0.011271040985432,0.0203202474919463
