"","teeth_ref_gladysvale","type","pred_class","real_class","buselaphus","gnou","taurinus","dorcas","marsupialis","caffer","equinus","niger","gazella","oreotragus","ourebi","capreolus","campestris","ellipsiprymnus","leche","arundinum","fulvorufulva","oryx","scriptus","strepsiceros"
"4","GV4825","LM2","dorcas",NA,0.159825610584792,0.0812412029971778,0.0632557948794675,0.433288605611635,0.00864854724574681,0.00475136890528844,0.00768395558964727,0.0251801067086693,0.00895909324614204,0.00783083402656819,0.161391112643141,0.00802549188980963,0.00780799302668956,0.00165691281365976,0.00142993949214328,0.000782072791085761,0.00623407213355988,6.94292139056966e-05,0.0113312896051126,0.000606566595758111
"11","GV5264","LM2","dorcas",NA,0.236389114470157,0.252269730907357,0.0559977122338306,0.340994610993558,0.0147299693636268,0.00091184073609014,0.00442452671359473,0.012575444427587,0.0159099571701597,0.00101575228145802,0.0372704039146143,0.0120818978125856,0.00195072198422643,0.00105891245517754,0.00097218397922533,0.0010551622144159,0.00275249108035458,6.84485440605736e-05,0.00155245842133361,0.00601866029658786
"45","GV7854","LM2","campestris",NA,0.0545135812467363,0.0832765138150648,0.0220881813948516,0.0124721126697196,0.0142964107347698,0.00918479375815174,0.0326391747044558,0.0341492201874124,0.0121987412162658,0.150220493191681,0.101484261216888,0.0413917618450198,0.216785293667165,0.0488219535943368,0.0356659933136462,0.0107026363499732,0.085926515644004,0.00107647136846797,0.0175585075229312,0.0155473825584592
"70","GV8911","LM2","ourebi",NA,0.0571362907541125,0.0920571062062521,0.0234480804364645,0.0133804606968631,0.0185689948773791,0.0110830963908826,0.0292106610217649,0.0272917648258467,0.011958407501387,0.189899362438756,0.262167260226104,0.0265383809229394,0.0534140080314348,0.0457310817706327,0.0305808420449816,0.00848086024874769,0.0524407361391283,0.00145450419269733,0.021143185278504,0.0240149159951226
