"","ID","type","pred_class","real_class","buselaphus","gnou","taurinus","dorcas","marsupialis","caffer","equinus","niger","gazella","oreotragus","ourebi","capreolus","campestris","ellipsiprymnus","leche","arundinum","fulvorufulva","oryx","scriptus","strepsiceros"
"4","GV4825","LM2","dorcas",NA,0.107503098473023,0.191791924032905,0.0499331952918386,0.389062895416839,0.00402837754632174,0.00437071117732053,0.00331825174130754,0.00485733097868514,0.00862490818962437,0.00502051578395219,0.159542449325188,0.0177857589004002,0.0049555219843193,0.00105218544832403,0.00251427342299945,0.00261225869499994,0.0123858735352185,0.000564400369348208,0.0290420229218126,0.0010340467655728
"11","GV5264","LM2","gnou",NA,0.115026656293869,0.313394172166679,0.0574385574448061,0.152940660628429,0.00466614809056008,0.00348615535562568,0.00252628007626936,0.00356019869628215,0.00556587136023437,0.011904011197245,0.171783795375092,0.0413268178171657,0.0223053764926515,0.00248892803802196,0.00717239196284008,0.00766587272594385,0.0334762615482155,0.000728832832624523,0.0413671624809216,0.00117584941652398
"45","GV7854","LM2","gnou",NA,0.105522641943242,0.3886683536032,0.0514151204341351,0.0808968670643766,0.00749210348666264,0.00623173372015401,0.00425206359068152,0.0058477324793803,0.00978072528207058,0.00344559258894554,0.103811876624976,0.00979807443467277,0.00571393066077534,0.00851997745061523,0.0217735474731943,0.021210859987918,0.108007835244254,0.000963668679342585,0.0555491271729731,0.00109816807843007
"70","GV8911","LM2","gnou",NA,0.157271374847213,0.242053355297559,0.069478215780212,0.140835726908401,0.0049255029316312,0.0038540663296419,0.00678122832890104,0.00975599859050472,0.0215431059561186,0.0530293386429749,0.0522717397308937,0.097705863198521,0.0412682063784807,0.00251206251214826,0.00569503451726605,0.00474547672740448,0.0205724444275382,0.00135017198332233,0.0624059958374964,0.00194509107377106
