"","ID","type","pred_class","real_class","buselaphus","gnou","taurinus","dorcas","marsupialis","caffer","equinus","niger","gazella","oreotragus","ourebi","capreolus","campestris","ellipsiprymnus","leche","arundinum","fulvorufulva","oryx","scriptus","strepsiceros"
"4","GV4825","LM2","buselaphus",NA,0.444938318223131,0.318960504066964,0.0944048700616282,0.109336356362014,0.00150271067292201,0.000973171012218691,0.000406965267754667,0.00194141655251414,0.0135053979463506,0.00230764114571827,0.00418232378191349,0.00167463593169709,0.000408044147469957,0.00101947897208621,0.000408750687877226,0.000568762786617993,0.000222800896916469,0.00039118767493575,0.000579392544986402,0.00226727126428194
"11","GV5264","LM2","gnou",NA,0.0529399269239706,0.887447827927498,0.0403863200203532,0.0090358100815619,0.00135186013875386,0.000570036094077628,3.57485874104423e-05,0.00016527688051119,0.00220687059518978,0.00115582518333782,0.0021774922875456,0.000865903156140881,0.000198147969058941,0.0003020998287628,7.7910346093589e-05,0.000138012726275082,3.51216737018306e-05,6.78098051563621e-05,0.000135702451989379,0.0007062973226108
"45","GV7854","LM2","gnou",NA,0.148266052447697,0.515745497940826,0.291273458584832,0.026362674427664,0.000781437014132212,0.00190478364966068,0.000186072172711021,0.000411766666158205,0.0067258447806246,0.00134811886176219,0.00174717460452183,0.00071530335675903,0.00023364491840438,0.00234068073131401,0.000281525757665813,0.000229474219722798,0.000169297438991168,0.000274246293087293,0.000187827851833483,0.000815118281631808
"70","GV8911","LM2","buselaphus",NA,0.365602448429529,0.0255471887713129,0.0493738887684073,0.0468298366996857,0.0196510079387662,0.00865475110635511,0.0171537896157425,0.0713731591099631,0.0450976055232005,0.0347030828416374,0.050017869614123,0.0288526512915165,0.0060299302240378,0.0394225427849719,0.0791162550543514,0.0392227634588973,0.0347548360953964,0.0070051041947278,0.011271040985432,0.0203202474919463
