"","teeth_ref_gladysvale","type","pred_class","real_class","Alcelaphini","Antilopini","Bovini","Hippotragini","Neotragini","Reduncini","Tragelaphini"
"4","GV4825","LM2","Alcelaphini",NA,0.737611214073073,0.00864854724574681,0.00475136890528844,0.0418231555444586,0.185055431586209,0.0101029972304487,0.0120072854147764
"11","GV5264","LM2","Alcelaphini",NA,0.885651168604902,0.0147299693636268,0.00091184073609014,0.0329099283113414,0.0523187759928844,0.00583874972917336,0.00763956726198204
"45","GV7854","LM2","Neotragini",NA,0.172350389126372,0.0142964107347698,0.00918479375815174,0.078987136108134,0.509881809920753,0.18111709890196,0.0341823614498584
"70","GV8911","LM2","Neotragini",NA,0.186021938093692,0.0185689948773791,0.0110830963908826,0.0684608333489986,0.532019011619234,0.13723352020349,0.0466126054663239
