"","teeth_ref_gladysvale","type","pred_class","real_class","Alcelaphini","Antilopini","Bovini","Hippotragini","Neotragini","Reduncini","Tragelaphini"
"4","GV4825","LM2","Alcelaphini",NA,0.987907359023467,0.00064445942886887,0.000393005734492664,0.00468528071394056,0.0032243117363865,0.00265723028335022,0.000488353079493815
"11","GV5264","LM2","Alcelaphini",NA,0.977468545445538,0.0013271124964151,0.000422150174149369,0.00974368676502436,0.00654003458068089,0.00125547030114095,0.00324300023705141
"45","GV7854","LM2","Alcelaphini",NA,0.985699306670947,0.000650458866927051,0.000724102343518333,0.00852013454441546,0.00229604805414836,0.0012259454840693,0.000884004035975061
"70","GV8911","LM2","Alcelaphini",NA,0.860339296427831,0.0153025351609359,0.00416122543236977,0.0349126180058559,0.00950671759796398,0.0723752182567554,0.00340238911828789
