"","ID","type","pred_class","real_class","Alcelaphini","Antilopini","Bovini","Hippotragini","Neotragini","Reduncini","Tragelaphini"
"4","GV4825","LM2","Alcelaphini",NA,0.967640048713738,0.00150271067292201,0.000973171012218691,0.0158537797666194,0.00857264500679881,0.0022197933434979,0.00323785148420409
"11","GV5264","LM2","Alcelaphini",NA,0.989809884953384,0.00135186013875386,0.000570036094077628,0.00240789606311141,0.00439736859608325,0.000553144574833301,0.00090980957975654
"45","GV7854","LM2","Alcelaphini",NA,0.98164768340102,0.000781437014132212,0.00190478364966068,0.00732368361949382,0.00404424174144743,0.00302097814769379,0.00127719242655258
"70","GV8911","LM2","Alcelaphini",NA,0.487353362668935,0.0196510079387662,0.00865475110635511,0.133624554248906,0.119603533971315,0.192516397393617,0.0385963926721061
