"","teeth_ref_gladysvale","type","pred_class","real_class","Alcelaphini","Antilopini","Bovini","Hippotragini","Neotragini","Reduncini","Tragelaphini"
"4","GV4825","LM2","Alcelaphini",NA,0.987907359023467,0.00064445942886887,0.000393005734492664,0.00468528071394056,0.0032243117363865,0.00265723028335022,0.000488353079493815
"11","GV5264","LM2","Alcelaphini",NA,0.989147474373333,0.000885377156381801,0.000342986906113962,0.00543744478004635,0.00259051823660957,0.000620402908280218,0.000975795639235686
"45","GV7854","LM2","Alcelaphini",NA,0.940602291857773,0.00136857296242892,0.00110809033989916,0.0516721266042236,0.00185406916055025,0.00217962412553867,0.00121522494958669
"70","GV8911","LM2","Alcelaphini",NA,0.860339296427831,0.0153025351609359,0.00416122543236977,0.0349126180058559,0.00950671759796398,0.0723752182567554,0.00340238911828789
