"","teeth_ref_gladysvale","type","pred_class","real_class","buselaphus","gnou","taurinus","dorcas","marsupialis","caffer","equinus","niger","gazella","oreotragus","ourebi","capreolus","campestris","ellipsiprymnus","leche","arundinum","fulvorufulva","oryx","scriptus","strepsiceros"
"4","GV4825","LM2","gnou",NA,0.0828438979104549,0.844795043444502,0.0311552719551048,0.0291131457134051,0.00064445942886887,0.000393005734492664,0.000627103083831959,0.00228121994710636,0.00177695768300224,0.000772423944544455,0.001915439338421,0.000434704192108082,0.000101744261312965,0.00202836035649712,0.000378575880926238,0.000162153443544906,8.81406023819631e-05,0.000116624852365147,7.37372626573239e-05,0.000297990964471344
"11","GV5264","LM2","gnou",NA,0.0235240273796779,0.918826369025143,0.0170220943563339,0.0180960546843832,0.0013271124964151,0.000422150174149369,0.00127336894140762,0.00516001317584817,0.00331030464776857,0.00115399340017406,0.00416184606373605,0.00105599746763624,0.000168197649134547,0.000895845019929002,0.000275858262291718,5.61592537136884e-05,2.76077652065392e-05,0.000298631930438637,0.000495133799036834,0.00244923450757593
"45","GV7854","LM2","buselaphus",NA,0.526155845946557,0.388449947563488,0.0583808143781345,0.0127126987827674,0.000650458866927051,0.000724102343518333,0.00102399159341852,0.00366628995478596,0.00382985299621098,0.000521279323133575,0.00138778130011957,0.000316105521951196,7.08819089440127e-05,0.00076217407445302,0.000367054599909733,5.93415676142059e-05,3.73752420923373e-05,0.000200461627701142,0.000153715002588865,0.000529827405685055
"70","GV8911","LM2","buselaphus",NA,0.550216351460634,0.0896705859298631,0.157782565697171,0.0626697933401629,0.0153025351609359,0.00416122543236977,0.00754444264600978,0.01905509271431,0.00831308264553604,0.00315549619214037,0.00474624934226482,0.0012323317894386,0.000372640274120191,0.0184991543161411,0.0217568807374033,0.0102576630854281,0.0218615201177829,0.000987195580259885,0.00097405486412526,0.00144113867390275
