"","teeth_ref_gladysvale","type","pred_class","real_class","buselaphus","gnou","taurinus","dorcas","marsupialis","caffer","equinus","niger","gazella","oreotragus","ourebi","capreolus","campestris","ellipsiprymnus","leche","arundinum","fulvorufulva","oryx","scriptus","strepsiceros"
"7","GV5119","UM1","gazella",NA,0.024651173416162,0.0288418936170442,0.0156310439311317,0.042743416758021,0.0264874563834886,0.0789548869670172,0.027732383557449,0.0477800477825719,0.211624322437209,0.148518951928524,0.109828765615996,0.0162053973130031,0.0521522660982528,0.0120161460025983,0.00943818825872583,0.016715622667741,0.0265820133946711,0.00936359251453676,0.09103281363223,0.00369961772362723
"52","GV8159","UM1","buselaphus",NA,0.732411796490807,0.0480835881205068,0.0799952725193648,0.0487556570167772,0.0039309760630289,0.037577938933534,0.00210381027906237,0.00205058689191209,0.0100558159772463,0.00197901992527453,0.00817135772144229,0.00979080411862493,0.00224122163688723,0.00692320218847562,4.14026044441565e-05,5.5121141476429e-06,6.24421692446204e-06,0.00036208349389209,0.000140256307941593,0.00537345337970566
"68","GV8654","UM1","marsupialis",NA,0.0191260345110783,0.0279913639223902,0.0151794751310272,0.0371880501034511,0.347199579536774,0.0934881997399974,0.00553908693590072,0.0143792421392273,0.0486106958683148,0.142463575601792,0.103573209366037,0.0172366855563278,0.0150827538658501,0.020939417240213,0.0107560318486587,0.00426986752718957,0.0042801644985246,0.0271700639867546,0.0269680560772712,0.0185584465432209
