"","ID","type","pred_class","real_class","buselaphus","gnou","taurinus","dorcas","marsupialis","caffer","equinus","niger","gazella","oreotragus","ourebi","capreolus","campestris","ellipsiprymnus","leche","arundinum","fulvorufulva","oryx","scriptus","strepsiceros"
"7","GV5119","UM1","buselaphus",NA,0.789392404357774,0.0559523390952068,0.128521315044544,0.0174972086697203,0.000590665157497892,0.000489371798783445,0.00015766582552884,0.0003210121664744,0.00147820704859724,0.00213422499885133,0.000487790348867372,0.000522606196512145,0.000398875202436898,0.000269669336526388,0.00018650371579012,4.98405342038609e-05,1.29625234045753e-05,0.000177437819436973,0.000106288892198962,0.00125361126764411
"52","GV8159","UM1","buselaphus",NA,0.604773542073398,0.0957575629426771,0.20558209592848,0.0300171722326398,0.0014098497477997,0.00194978837769203,0.00119666736471859,0.00153916695930442,0.0105109822359909,0.0233769855988142,0.00468919487685289,0.00531242581324294,0.00481940640596873,0.00129977347165158,0.000557496973071024,0.000182537647195024,4.46995784743897e-05,0.00136021340896226,0.000284148015425432,0.00533629034764073
"68","GV8654","UM1","strepsiceros",NA,0.0453192003261485,0.0619758454729306,0.055448414191325,0.0831706690330172,0.0246902568586151,0.0114770666116802,0.0066247538274335,0.0134352698831177,0.0225678594082545,0.0805882713962048,0.0179177716547177,0.0270191680405205,0.0213516632264396,0.0143311556507219,0.0143465539428882,0.0104197909837604,0.000848444987218555,0.050683028819848,0.0438882464634644,0.393896569221693
