"","teeth_ref_gladysvale","type","pred_class","real_class","buselaphus","gnou","taurinus","dorcas","marsupialis","caffer","equinus","niger","gazella","oreotragus","ourebi","capreolus","campestris","ellipsiprymnus","leche","arundinum","fulvorufulva","oryx","scriptus","strepsiceros"
"7","GV5119","UM1","ourebi",NA,0.000269072629138025,0.000467789376366353,0.000434246655071628,0.00112640864311369,0.00582503279341746,0.00109712514520937,0.000222580575234726,0.00132004432875658,0.000328634029412636,0.306408730665171,0.479341281926949,0.0911013051721541,0.0524970560933277,0.000438307801267057,0.000638409355787224,0.0116503474240621,0.0349930322595542,0.00065435640702054,0.010166021573162,0.00102021714582394
"52","GV8159","UM1","buselaphus",NA,0.505952742207484,0.0353980535293466,0.0911480917345418,0.0117775137556086,0.0116707723125773,0.00725864260650676,0.0130557613327985,0.0215881449445277,0.0392110602344115,0.0564215838668393,0.0164063893862372,0.0664810067348374,0.00708978454894153,0.0139544129417631,0.0185109608051006,0.0121617320387654,0.00223863215841438,0.0122713867189384,0.0117177700899565,0.0456855580524035
"68","GV8654","UM1","leche",NA,0.0915191163056002,0.0926698440757712,0.0344538261028566,0.0176373363356763,0.120015165359026,0.0265469212389974,0.00427655633586801,0.0169623012959879,0.0149483419656027,0.0875827898834952,0.0207438982592627,0.0640969866520503,0.0110471032209185,0.0167050392806397,0.208012607131682,0.0157175592710732,0.00146835479512051,0.0136110981863153,0.0130729588201812,0.128912195483876
