"","ID","type","pred_class","real_class","Alcelaphini","Antilopini","Bovini","Hippotragini","Neotragini","Reduncini","Tragelaphini"
"7","GV5119","UM1","Hippotragini",NA,0.0723137089780225,0.030756669985937,0.0602851649313721,0.449119004472305,0.192988188695102,0.104349691869642,0.0901875710676194
"52","GV8159","UM1","Alcelaphini",NA,0.927918695228745,0.00102084381508575,0.0219883478636893,0.0258907539234732,0.0160489928244097,0.00563714982302685,0.00149521652157022
"68","GV8654","UM1","Neotragini",NA,0.0718577117049361,0.113818913242584,0.0832454694827029,0.0416058499164416,0.571575199997798,0.0425976463218142,0.0752992093337226
