"","teeth_ref_gladysvale","type","pred_class","real_class","Alcelaphini","Antilopini","Bovini","Hippotragini","Neotragini","Reduncini","Tragelaphini"
"7","GV5119","UM1","Neotragini",NA,0.111867527722359,0.0264874563834886,0.0789548869670172,0.287136753777229,0.326705380955776,0.0647519703237361,0.104096023870394
"52","GV8159","UM1","Alcelaphini",NA,0.909246314147456,0.0039309760630289,0.037577938933534,0.0142102131482208,0.022182403402229,0.00697636112399188,0.00587579318153934
"68","GV8654","UM1","Antilopini",NA,0.0994849236679468,0.347199579536774,0.0934881997399974,0.0685290249434429,0.278356224390006,0.0402454811145859,0.0726965666072466
