"","ID","type","pred_class","real_class","buselaphus","gnou","taurinus","dorcas","marsupialis","caffer","equinus","niger","gazella","oreotragus","ourebi","capreolus","campestris","ellipsiprymnus","leche","arundinum","fulvorufulva","oryx","scriptus","strepsiceros"
"7","GV5119","UM1","gazella",NA,0.0198644393945716,0.0196026927508557,0.00880121426468735,0.0240453625679078,0.030756669985937,0.0602851649313721,0.114564244110557,0.108108368611743,0.226446391750005,0.0530418287578676,0.0210734850736472,0.0354794248858104,0.0833934499777764,0.00807356382728605,0.0194734632344424,0.0375836186774626,0.0392190461304512,0.0251231376835851,0.0447857319562701,0.0202787014277641
"52","GV8159","UM1","buselaphus",NA,0.781244345636078,0.0460490400688764,0.0794821088284625,0.0211432006953287,0.00102084381508575,0.0219883478636893,0.00311251632357089,0.00282959826548491,0.0199486393344174,0.00163882617516615,0.00614842770646225,0.00578560102700006,0.00247613791578127,0.00522381137821971,0.000147449059256952,0.000176503919180204,8.93854663699852e-05,0.000486505496820443,0.000442191735567954,0.000566519289181823
"68","GV8654","UM1","oreotragus",NA,0.0183431320099745,0.0230505809729335,0.00946893362443548,0.0209950650975927,0.113818913242584,0.0832454694827029,0.00775306277545113,0.00744698510701002,0.0264058020339804,0.195126708900212,0.181600454883519,0.0901500309670156,0.104698005247052,0.00779360271418505,0.00905431614721651,0.0121101605151977,0.0136395669452149,0.0274810430944854,0.030882260012647,0.0169359062265902
