"","ID","type","pred_class","real_class","Alcelaphini","Antilopini","Bovini","Hippotragini","Neotragini","Reduncini","Tragelaphini"
"7","GV5119","UM1","Alcelaphini",NA,0.991363267167245,0.000590665157497892,0.000489371798783445,0.00195688504060048,0.00354349674666774,0.000518976109924944,0.00153733797928004
"52","GV8159","UM1","Alcelaphini",NA,0.936130373177195,0.0014098497477997,0.00194978837769203,0.0132468165600139,0.0381980126948788,0.00208450767039201,0.00698065177202842
"68","GV8654","UM1","Tragelaphini",NA,0.245914129023421,0.0246902568586151,0.0114770666116802,0.0426278831188058,0.146876874317883,0.0399459455645891,0.488467844505006
