"","ID","type","pred_class","real_class","buselaphus","gnou","taurinus","dorcas","marsupialis","caffer","equinus","niger","gazella","oreotragus","ourebi","capreolus","campestris","ellipsiprymnus","leche","arundinum","fulvorufulva","oryx","scriptus","strepsiceros"
"7","GV5119","UM1","ourebi",NA,0.000333952285649319,0.000263612095000229,0.000304268331170159,0.00290047614512763,0.00113857219103202,0.000605193037357684,8.60290723509014e-05,0.000551791635791806,0.000154380272391445,0.0558772712915683,0.840478353829385,0.0212055796857565,0.0453345402561528,2.69730678300208e-05,2.0303732067174e-05,0.000566592910905268,0.00346204559996958,0.000302082148704665,0.0259720281940627,0.000415954217725636
"52","GV8159","UM1","buselaphus",NA,0.604773542073398,0.0957575629426771,0.20558209592848,0.0300171722326398,0.0014098497477997,0.00194978837769203,0.00119666736471859,0.00153916695930442,0.0105109822359909,0.0233769855988142,0.00468919487685289,0.00531242581324294,0.00481940640596873,0.00129977347165158,0.000557496973071024,0.000182537647195024,4.46995784743897e-05,0.00136021340896226,0.000284148015425432,0.00533629034764073
"68","GV8654","UM1","strepsiceros",NA,0.0453192003261485,0.0619758454729306,0.055448414191325,0.0831706690330172,0.0246902568586151,0.0114770666116802,0.0066247538274335,0.0134352698831177,0.0225678594082545,0.0805882713962048,0.0179177716547177,0.0270191680405205,0.0213516632264396,0.0143311556507219,0.0143465539428882,0.0104197909837604,0.000848444987218555,0.050683028819848,0.0438882464634644,0.393896569221693
