"","teeth_ref_gladysvale","type","pred_class","real_class","Alcelaphini","Antilopini","Bovini","Hippotragini","Neotragini","Reduncini","Tragelaphini"
"7","GV5119","UM1","Neotragini",NA,0.00229751730368969,0.00582503279341746,0.00109712514520937,0.00187125893340395,0.929348373857603,0.0477200968406706,0.0118405951260065
"52","GV8159","UM1","Alcelaphini",NA,0.644276401226981,0.0116707723125773,0.00725864260650676,0.0738549665117377,0.146398764536855,0.0468657379440435,0.0696747148612984
"68","GV8654","UM1","Reduncini",NA,0.236280122819904,0.120015165359026,0.0265469212389974,0.0361871995974586,0.183470778015727,0.241903560478515,0.155596252490372
