"","teeth_ref_gladysvale","type","pred_class","real_class","buselaphus","gnou","taurinus","dorcas","marsupialis","caffer","equinus","niger","gazella","oreotragus","ourebi","capreolus","campestris","ellipsiprymnus","leche","arundinum","fulvorufulva","oryx","scriptus","strepsiceros"
"7","GV5119","UM1","buselaphus",NA,0.698159199776379,0.0525393053575643,0.198827196978384,0.0373934360506947,0.000178933541680849,0.000177815452897059,0.000492344394789394,0.00212348274376273,0.00320637394830432,0.00120712911035735,0.000304733792841441,0.00114126851935255,0.000103877138954358,0.000385417577967127,0.00129577573959255,0.000428723817526644,0.0001145297927955,0.000125123503017284,0.000283108196612775,0.00151222456652635
"52","GV8159","UM1","buselaphus",NA,0.505952742207484,0.0353980535293466,0.0911480917345418,0.0117775137556086,0.0116707723125773,0.00725864260650676,0.0130557613327985,0.0215881449445277,0.0392110602344115,0.0564215838668393,0.0164063893862372,0.0664810067348374,0.00708978454894153,0.0139544129417631,0.0185109608051006,0.0121617320387654,0.00223863215841438,0.0122713867189384,0.0117177700899565,0.0456855580524035
"68","GV8654","UM1","leche",NA,0.0915191163056002,0.0926698440757712,0.0344538261028566,0.0176373363356763,0.120015165359026,0.0265469212389974,0.00427655633586801,0.0169623012959879,0.0149483419656027,0.0875827898834952,0.0207438982592627,0.0640969866520503,0.0110471032209185,0.0167050392806397,0.208012607131682,0.0157175592710732,0.00146835479512051,0.0136110981863153,0.0130729588201812,0.128912195483876
