"","teeth_ref_gladysvale","type","pred_class","real_class","buselaphus","gnou","taurinus","dorcas","marsupialis","caffer","equinus","niger","gazella","oreotragus","ourebi","capreolus","campestris","ellipsiprymnus","leche","arundinum","fulvorufulva","oryx","scriptus","strepsiceros"
"2","GV4819","UM2","fulvorufulva",NA,0.0212452051085829,0.00214194117027894,0.000159618340151253,0.234605718942753,0.0261509820772866,0.00105348371817289,0.000698480291960629,0.00439450819161882,0.000370554843616965,0.00224173876466901,0.00479139621175007,0.0186431094742985,0.00141107669838229,0.00839203068383984,0.263009225551711,0.121830298115848,0.275918935246731,0.000312985611343866,0.0113890428621112,0.00123966809489358
"15","GV5335","UM2","caffer",NA,0.00290675251155699,0.00630741477245456,0.00616654494947039,0.000435012417833761,0.0096841659942256,0.696380544778217,0.0271897875225221,0.0491032993124122,0.0592750341068299,0.00375853320087748,0.00096652901213422,0.000802836680772869,0.001900603988787,0.0320226920860021,0.00308974842891386,0.0069324691887187,0.000610559526828975,0.050967510051203,0.00539215192892285,0.036107809541316
