"","ID","type","pred_class","real_class","buselaphus","gnou","taurinus","dorcas","marsupialis","caffer","equinus","niger","gazella","oreotragus","ourebi","capreolus","campestris","ellipsiprymnus","leche","arundinum","fulvorufulva","oryx","scriptus","strepsiceros"
"2","GV4819","UM2","taurinus",NA,0.173220301693379,0.371326871060841,0.429033144902752,0.0163674828504176,0.0004589865668073,0.00107288896447679,0.000335820716281044,0.00214530269331994,0.00237836173513321,0.000400896827205242,2.76018444571696e-05,7.20165878587492e-05,6.17636418465819e-05,0.00266401374773159,4.85960281602993e-05,3.14048976435922e-05,3.21427252400393e-05,3.34136840599977e-05,2.2183565216346e-05,0.000266805267174101
"15","GV5335","UM2","taurinus",NA,0.0883160488604397,0.293496452899896,0.571591085008226,0.0203600350558428,0.000727364143660737,0.00334252878591514,0.000421773982258547,0.000821113040035891,0.0120564436220548,0.00127235564577082,8.4894529183747e-05,0.000197648592089606,0.000181679281172692,0.00370279130959209,2.63263793260314e-05,1.72860810773817e-05,1.48228628205639e-05,0.000269351081123641,0.000106100620487831,0.00299389821902508
