"","ID","type","pred_class","real_class","buselaphus","gnou","taurinus","dorcas","marsupialis","caffer","equinus","niger","gazella","oreotragus","ourebi","capreolus","campestris","ellipsiprymnus","leche","arundinum","fulvorufulva","oryx","scriptus","strepsiceros"
"2","GV4819","UM2","dorcas",NA,0.0976909235475912,0.124674858661689,0.150590938105387,0.278413198011472,0.0589509306063767,0.0486145355293261,0.0100117992527545,0.0136076861934795,0.0359646330200759,0.0181389435711885,0.0151453794319437,0.022433482447148,0.0192573760920142,0.00622288190144164,0.0074947839647024,0.0424371250126915,0.0216238624028647,0.00677243423874622,0.0115204407033949,0.010433787305712
"15","GV5335","UM2","dorcas",NA,0.124902977264599,0.120057855384993,0.147097038927342,0.316574900367615,0.0351913913695927,0.0611082934688343,0.0192745689150611,0.00708594056794699,0.0711745155751572,0.00511401556832904,0.00972811333611637,0.0095662029957602,0.00578583997605704,0.00415337374542875,0.00355226410129905,0.0258104758543474,0.0108042318409612,0.00431292720867399,0.00594660022339612,0.0127584733084888
