"","teeth_ref_gladysvale","type","pred_class","real_class","Alcelaphini","Antilopini","Bovini","Hippotragini","Neotragini","Reduncini","Tragelaphini"
"2","GV4819","UM2","Hippotragini",NA,0.16674598384402,0.057005471661867,0.0369503928076544,0.59932700529079,0.0137897674698317,0.110193763493709,0.0159876154321283
"15","GV5335","UM2","Alcelaphini",NA,0.907120674895889,0.00138495184903333,0.00292634330372634,0.0589063127070787,0.000725449072400052,0.00771691201729194,0.0212193561545805
