"","ID","type","pred_class","real_class","Alcelaphini","Antilopini","Bovini","Hippotragini","Neotragini","Reduncini","Tragelaphini"
"2","GV4819","UM2","Alcelaphini",NA,0.651369918326139,0.0589509306063767,0.0486145355293261,0.05958411846631,0.0749751815422944,0.0777786532817002,0.0287266622478531
"15","GV5335","UM2","Alcelaphini",NA,0.708632771944549,0.0351913913695927,0.0611082934688343,0.0975350250581652,0.0301941718762626,0.0443203455420364,0.0230180007405589
