"","ID","type","pred_class","real_class","Alcelaphini","Antilopini","Bovini","Hippotragini","Neotragini","Reduncini","Tragelaphini"
"2","GV4819","UM2","Alcelaphini",NA,0.989947800507389,0.0004589865668073,0.00107288896447679,0.00485948514473419,0.000562278901367743,0.00277615739877552,0.000322402516450445
"15","GV5335","UM2","Alcelaphini",NA,0.973763621824405,0.000727364143660737,0.00334252878591514,0.0132993306443493,0.00173657804821686,0.00376122663281607,0.00336934992063655
