"","ID","type","pred_class","real_class","Alcelaphini","Antilopini","Bovini","Hippotragini","Neotragini","Reduncini","Tragelaphini"
"2","GV4819","UM2","Alcelaphini",NA,0.478634365971712,0.049361754666578,0.00290700600733926,0.00565629354178102,0.108883651591512,0.318761236998297,0.0357956912227804
"15","GV5335","UM2","Bovini",NA,0.0946303348109191,0.00905016763638989,0.662640894020982,0.166839618073731,0.0117575136823717,0.0241541161805485,0.0309273555950584
