"","teeth_ref_gladysvale","type","pred_class","real_class","Alcelaphini","Antilopini","Bovini","Hippotragini","Neotragini","Reduncini","Tragelaphini"
"2","GV4819","UM2","Reduncini",NA,0.258152483561766,0.0261509820772866,0.00105348371817289,0.00546354332719642,0.0270873211490999,0.66915048959813,0.0129416965683486
"15","GV5335","UM2","Bovini",NA,0.0158157246513157,0.0096841659942256,0.696380544778217,0.135568120941764,0.00742850288257157,0.0426554692304637,0.0924674715214419
