"","teeth_ref_gladysvale","type","pred_class","real_class","Alcelaphini","Antilopini","Bovini","Hippotragini","Neotragini","Reduncini","Tragelaphini"
"2","GV4819","UM2","Alcelaphini",NA,0.893320210677517,0.00686982472678597,0.0411974874312664,0.0295628105356695,0.00623064248264568,0.0123138939152629,0.0105051302308527
"15","GV5335","UM2","Hippotragini",NA,0.312744121117838,0.0390293506938814,0.0758725492461484,0.481223451324385,0.00932257881950095,0.0746825043798249,0.00712544441842119
