"","ID","type","pred_class","real_class","buselaphus","gnou","taurinus","dorcas","marsupialis","caffer","equinus","niger","gazella","oreotragus","ourebi","capreolus","campestris","ellipsiprymnus","leche","arundinum","fulvorufulva","oryx","scriptus","strepsiceros"
"2","GV4819","UM2","dorcas",NA,0.165228457549434,0.0131974823749287,0.0130212794116664,0.287187146635683,0.049361754666578,0.00290700600733926,0.0002053748560813,0.0053779412632288,7.29774224709155e-05,0.0291423239621173,0.0218349729591642,0.0519937356211173,0.00591261904911335,0.00820964533530853,0.111772516789435,0.0616385235105696,0.137140551362983,0.00102619104974086,0.0293328420275405,0.00543665814549905
"15","GV5335","UM2","caffer",NA,0.00626755795435837,0.0186212618280598,0.066993495692047,0.00274801933645393,0.00905016763638989,0.662640894020982,0.00570133477031653,0.0027794233219298,0.158358859981485,0.00808934098320991,0.000690319899999289,0.00163416916883804,0.00134368363032446,0.0223821561456824,0.000381200049333844,0.00124584155130115,0.000144918434231092,0.0109843050203691,0.00127457119147927,0.01866847938321
