"","ID","type","pred_class","real_class","Alcelaphini","Antilopini","Bovini","Hippotragini","Neotragini","Reduncini","Tragelaphini"
"12","GV5285","UM3","Alcelaphini",NA,0.27833651726602,0.0214168745097989,0.121655415374128,0.0935057092894135,0.120206434413981,0.258120633900867,0.106758415245792
"17","GV5371","UM3","Reduncini",NA,0.208385978394796,0.030887951312138,0.043253146026188,0.160422532464565,0.231343153646756,0.255049013718751,0.0706582244368067
"44","GV7833","UM3","Alcelaphini",NA,0.765867305476582,0.00568508305652489,0.0250697996975579,0.121302227755751,0.0106111409356553,0.0395272559648288,0.031937187113101
"46","GV7902A","UM3","Hippotragini",NA,0.201870500935094,0.00479591378451869,0.0460293563872863,0.57626143270685,0.0141569967711342,0.135713473852767,0.0211723255623493
"48","GV7974","UM3","Alcelaphini",NA,0.594755983082762,0.0100729191700745,0.0784442840604419,0.0938004476477049,0.0272457122495124,0.129456322283472,0.0662243315060319
"51","GV8097","UM3","Alcelaphini",NA,0.288737766134806,0.0220886327064463,0.115491259591112,0.0917115942379097,0.131339321094725,0.241332306115076,0.109299120119924
