"","ID","type","pred_class","real_class","Alcelaphini","Antilopini","Bovini","Hippotragini","Neotragini","Reduncini","Tragelaphini"
"12","GV5285","UM3","Alcelaphini",NA,0.895902060959957,0.0012830059903756,0.0172886357777385,0.0626714046749238,0.00201940131736111,0.017933822794846,0.00290166848479811
"17","GV5371","UM3","Alcelaphini",NA,0.815536344733622,0.0254891069114816,0.00382595154268039,0.0241098057261163,0.010127657584597,0.117336769709561,0.00357436379194128
"44","GV7833","UM3","Alcelaphini",NA,0.963210437247956,0.000796272536670913,0.00191550180613694,0.0240136005838498,0.000887077215759444,0.00808250814205357,0.00109460246757294
"46","GV7902A","UM3","Alcelaphini",NA,0.854280669023849,0.00248549163555144,0.00312933665970076,0.0529501164310504,0.00346511804005827,0.0769966799207145,0.00669258828907553
"48","GV7974","UM3","Alcelaphini",NA,0.927642140922211,0.00216517329001068,0.0147568735072493,0.0291290621286051,0.00106717635016202,0.00451443942339747,0.0207251343783646
"51","GV8097","UM3","Alcelaphini",NA,0.834605003538232,0.00180122252443331,0.034642036058098,0.101595489924574,0.00259895139774048,0.0126113024387892,0.012145994118133
