"","teeth_ref_gladysvale","type","pred_class","real_class","Alcelaphini","Antilopini","Bovini","Hippotragini","Neotragini","Reduncini","Tragelaphini"
"12","GV5285","UM3","Alcelaphini",NA,0.959319809888423,0.000785990107459919,0.0160597470363296,0.0118803548213911,0.00116456759765229,0.00565126828262414,0.00513826226612004
"17","GV5371","UM3","Alcelaphini",NA,0.873119720675931,0.00477246866859029,0.0100600366205931,0.0370793006453739,0.0132782970288159,0.049762025508404,0.0119281508522921
"44","GV7833","UM3","Alcelaphini",NA,0.879115436477013,0.000693448995555567,0.0104769880057952,0.0421613895518066,0.0033209249095939,0.0562286896574904,0.00800312240274518
"46","GV7902A","UM3","Alcelaphini",NA,0.680305933041427,0.00376663874213665,0.0214394949106885,0.0793980350007606,0.0094440504437021,0.160960529206198,0.0446853186550877
"48","GV7974","UM3","Alcelaphini",NA,0.742800179108769,0.00351401893216596,0.0650858644167958,0.0514691565785918,0.00404139063431695,0.0220272466016349,0.111062143727726
"51","GV8097","UM3","Alcelaphini",NA,0.856137707528019,0.000710582984465713,0.0513074116912144,0.0577870960631031,0.00134688441289274,0.00922714613039664,0.0234831711899086
